Entity,Code,Year,Methodologies used for measuring literacy (UIS (2017))
Afghanistan,AFG,1979,Self-reported (head of household)
Afghanistan,AFG,2011,Self-reported (individual)
Albania,ALB,2001,Self-reported (head of household)
Albania,ALB,2008,Self-reported (individual)
Albania,ALB,2011,Self-reported (individual)
Albania,ALB,2012,Self-reported (individual)
Algeria,DZA,1987,Self-reported (head of household)
Algeria,DZA,2002,Self-reported (individual)
Algeria,DZA,2006,Self-reported (individual)
Algeria,DZA,2008,Self-reported (head of household)
Andorra,AND,2015,Indirect estimate
Andorra,AND,2016,Indirect estimate
Angola,AGO,2001,Self-reported (individual)
Angola,AGO,2014,Self-reported (individual)
Anguilla,AIA,1984,Self-reported (head of household)
Antigua and Barbuda,ATG,2001,No data
Argentina,ARG,1980,Self-reported (head of household)
Argentina,ARG,1991,Self-reported (head of household)
Argentina,ARG,2001,Self-reported (head of household)
Argentina,ARG,2015,Self-reported (head of household)
Armenia,ARM,1989,Self-reported (head of household)
Armenia,ARM,2001,Self-reported (head of household)
Armenia,ARM,2011,Self-reported (individual)
Aruba,ABW,2000,Self-reported (head of household)
Aruba,ABW,2010,Self-reported (individual)
Azerbaijan,AZE,1999,Self-reported (head of household)
Azerbaijan,AZE,2007,Self-reported (individual)
Azerbaijan,AZE,2009,Self-reported (individual)
Azerbaijan,AZE,2010,Indirect estimate
Azerbaijan,AZE,2011,Indirect estimate
Azerbaijan,AZE,2012,Indirect estimate
Azerbaijan,AZE,2013,Indirect estimate
Azerbaijan,AZE,2014,Indirect estimate
Bahrain,BHR,1981,Self-reported (head of household)
Bahrain,BHR,1991,Self-reported (head of household)
Bahrain,BHR,2001,Self-reported (head of household)
Bahrain,BHR,2010,Self-reported (head of household)
Bangladesh,BGD,1981,Self-reported (head of household)
Bangladesh,BGD,1991,Self-reported (head of household)
Bangladesh,BGD,2001,Self-reported (individual)
Bangladesh,BGD,2007,Literacy test
Bangladesh,BGD,2011,Literacy test
Bangladesh,BGD,2016,Self-reported (individual)
Belarus,BLR,1989,Self-reported (head of household)
Belarus,BLR,1999,Self-reported (head of household)
Belarus,BLR,2009,Self-reported (individual)
Belize,BLZ,1991,Self-reported (head of household)
Benin,BEN,1979,Self-reported (head of household)
Benin,BEN,1992,Self-reported (head of household)
Benin,BEN,2002,Self-reported (head of household)
Benin,BEN,2006,Literacy test
Benin,BEN,2012,Literacy test
Bhutan,BTN,2005,Self-reported (head of household)
Bhutan,BTN,2012,Self-reported (head of household)
Bolivia,BOL,1976,Self-reported (head of household)
Bolivia,BOL,1992,Self-reported (head of household)
Bolivia,BOL,2001,Self-reported (head of household)
Bolivia,BOL,2007,Self-reported (individual)
Bolivia,BOL,2008,Self-reported (individual)
Bolivia,BOL,2009,Self-reported (individual)
Bolivia,BOL,2011,Self-reported (individual)
Bolivia,BOL,2012,Self-reported (individual)
Bolivia,BOL,2015,Self-reported (individual)
Bosnia and Herzegovina,BIH,2000,Self-reported (individual)
Bosnia and Herzegovina,BIH,2011,Literacy test
Bosnia and Herzegovina,BIH,2013,Self-reported (individual)
Botswana,BWA,1991,Self-reported (head of household)
Botswana,BWA,2003,Self-reported (individual)
Brazil,BRA,1980,Self-reported (head of household)
Brazil,BRA,2000,Self-reported (head of household)
Brazil,BRA,2004,Self-reported (individual)
Brazil,BRA,2006,Self-reported (individual)
Brazil,BRA,2007,Self-reported (individual)
Brazil,BRA,2008,Self-reported (individual)
Brazil,BRA,2009,Self-reported (individual)
Brazil,BRA,2010,Self-reported (individual)
Brazil,BRA,2011,Self-reported (individual)
Brazil,BRA,2012,Self-reported (individual)
Brazil,BRA,2013,Self-reported (individual)
Brazil,BRA,2014,Self-reported (individual)
Brunei,BRN,1981,Self-reported (head of household)
Brunei,BRN,1991,Self-reported (head of household)
Brunei,BRN,2001,Self-reported (head of household)
Brunei,BRN,2011,Self-reported (individual)
Bulgaria,BGR,2001,Self-reported (head of household)
Bulgaria,BGR,2011,Self-reported (individual)
Burkina Faso,BFA,1975,Self-reported (head of household)
Burkina Faso,BFA,1991,Self-reported (head of household)
Burkina Faso,BFA,1996,Self-reported (head of household)
Burkina Faso,BFA,2003,Self-reported (individual)
Burkina Faso,BFA,2005,Self-reported (individual)
Burkina Faso,BFA,2007,Self-reported (individual)
Burkina Faso,BFA,2014,No data
Burundi,BDI,1979,Self-reported (head of household)
Burundi,BDI,1990,Self-reported (head of household)
Burundi,BDI,2000,Self-reported (individual)
Burundi,BDI,2008,Self-reported (head of household)
Cambodia,KHM,1998,No data
Cambodia,KHM,2004,Self-reported (individual)
Cambodia,KHM,2008,Self-reported (individual)
Cambodia,KHM,2009,Self-reported (individual)
Cameroon,CMR,1976,Self-reported (head of household)
Cameroon,CMR,2000,Self-reported (individual)
Cameroon,CMR,2007,Self-reported (head of household)
Cameroon,CMR,2010,Self-reported (head of household)
Cape Verde,CPV,1990,Self-reported (head of household)
Cape Verde,CPV,2004,Self-reported (head of household)
Cape Verde,CPV,2012,Self-reported (head of household)
Cayman Islands,CYM,2007,Self-reported (individual)
Central African Republic,CAF,1975,Self-reported (head of household)
Central African Republic,CAF,1988,Self-reported (head of household)
Central African Republic,CAF,2000,Self-reported (individual)
Central African Republic,CAF,2010,Literacy test
Chad,TCD,1993,Self-reported (head of household)
Chad,TCD,2000,Self-reported (individual)
Chad,TCD,2004,Self-reported (individual)
Chad,TCD,2014,Self-reported (individual)
Chad,TCD,2015,Literacy test
Chad,TCD,2016,Literacy test
Chile,CHL,1982,Self-reported (head of household)
Chile,CHL,1992,Self-reported (head of household)
Chile,CHL,2002,Self-reported (head of household)
Chile,CHL,2008,No data
Chile,CHL,2009,Self-reported (head of household)
Chile,CHL,2011,Self-reported (individual)
Chile,CHL,2013,Self-reported (individual)
China,CHN,1982,Self-reported (head of household)
China,CHN,1990,Self-reported (head of household)
China,CHN,2000,Self-reported (head of household)
China,CHN,2010,Self-reported (head of household)
Colombia,COL,1993,Self-reported (head of household)
Colombia,COL,1996,Self-reported (individual)
Colombia,COL,2004,Self-reported (individual)
Colombia,COL,2005,Self-reported (individual)
Colombia,COL,2006,Self-reported (individual)
Colombia,COL,2007,Self-reported (individual)
Colombia,COL,2008,Self-reported (individual)
Colombia,COL,2009,Self-reported (individual)
Colombia,COL,2010,Self-reported (individual)
Colombia,COL,2011,Self-reported (individual)
Colombia,COL,2013,Self-reported (individual)
Colombia,COL,2014,Self-reported (individual)
Colombia,COL,2015,Self-reported (individual)
Comoros,COM,1980,Self-reported (head of household)
Comoros,COM,2000,Self-reported (individual)
Comoros,COM,2012,Literacy test
Congo,COG,2011,Literacy test
Costa Rica,CRI,1984,Self-reported (head of household)
Costa Rica,CRI,2000,Self-reported (head of household)
Costa Rica,CRI,2011,Self-reported (individual)
Cote d'Ivoire,CIV,1988,Self-reported (head of household)
Cote d'Ivoire,CIV,1998,Self-reported (head of household)
Cote d'Ivoire,CIV,2000,Self-reported (individual)
Cote d'Ivoire,CIV,2012,Literacy test
Cote d'Ivoire,CIV,2014,Self-reported (individual)
Croatia,HRV,1991,Self-reported (head of household)
Croatia,HRV,2001,Self-reported (head of household)
Croatia,HRV,2011,Self-reported (individual)
Cuba,CUB,1981,Self-reported (head of household)
Cuba,CUB,2002,Self-reported (head of household)
Cuba,CUB,2012,Self-reported (individual)
Cyprus,CYP,1992,Self-reported (head of household)
Cyprus,CYP,2001,Self-reported (head of household)
Cyprus,CYP,2011,Self-reported (head of household)
Democratic Republic of Congo,COD,2001,Self-reported (individual)
Democratic Republic of Congo,COD,2007,Literacy test
Democratic Republic of Congo,COD,2012,Literacy test
Democratic Republic of Congo,COD,2016,Self-reported (individual)
Dominican Republic,DOM,1981,Self-reported (head of household)
Dominican Republic,DOM,2002,Self-reported (head of household)
Dominican Republic,DOM,2007,Self-reported (individual)
Dominican Republic,DOM,2010,Self-reported (individual)
Dominican Republic,DOM,2011,Self-reported (individual)
Dominican Republic,DOM,2012,Self-reported (individual)
Dominican Republic,DOM,2013,Self-reported (individual)
Dominican Republic,DOM,2014,Self-reported (individual)
Dominican Republic,DOM,2015,Self-reported (individual)
Ecuador,ECU,1982,Self-reported (head of household)
Ecuador,ECU,1990,Self-reported (head of household)
Ecuador,ECU,2001,Self-reported (head of household)
Ecuador,ECU,2007,Self-reported (head of household)
Ecuador,ECU,2009,Self-reported (individual)
Ecuador,ECU,2010,Self-reported (individual)
Ecuador,ECU,2011,Self-reported (individual)
Ecuador,ECU,2012,Self-reported (individual)
Ecuador,ECU,2013,Self-reported (individual)
Ecuador,ECU,2014,Self-reported (individual)
Ecuador,ECU,2015,Self-reported (individual)
Ecuador,ECU,2016,Self-reported (individual)
Egypt,EGY,1976,Self-reported (head of household)
Egypt,EGY,1986,Self-reported (head of household)
Egypt,EGY,1996,Self-reported (head of household)
Egypt,EGY,2005,Self-reported (head of household)
Egypt,EGY,2006,Self-reported (individual)
Egypt,EGY,2010,Self-reported (individual)
Egypt,EGY,2012,Self-reported (individual)
Egypt,EGY,2013,Literacy test
El Salvador,SLV,1992,Self-reported (head of household)
El Salvador,SLV,2004,Self-reported (head of household)
El Salvador,SLV,2006,Self-reported (head of household)
El Salvador,SLV,2007,Self-reported (individual)
El Salvador,SLV,2008,Self-reported (head of household)
El Salvador,SLV,2009,Self-reported (head of household)
El Salvador,SLV,2010,Self-reported (head of household)
El Salvador,SLV,2011,Self-reported (head of household)
El Salvador,SLV,2013,Self-reported (head of household)
El Salvador,SLV,2015,Self-reported (head of household)
Equatorial Guinea,GNQ,2000,Self-reported (individual)
Equatorial Guinea,GNQ,2014,Self-reported (individual)
Eritrea,ERI,2002,Self-reported (head of household)
Eritrea,ERI,2008,Literacy test
Estonia,EST,1989,Self-reported (head of household)
Estonia,EST,2000,Self-reported (head of household)
Estonia,EST,2011,Self-reported (head of household)
Eswatini,SWZ,1976,Self-reported (head of household)
Eswatini,SWZ,1986,Self-reported (head of household)
Eswatini,SWZ,2000,Self-reported (individual)
Eswatini,SWZ,2010,Literacy test
Ethiopia,ETH,1994,Self-reported (head of household)
Ethiopia,ETH,2004,Self-reported (individual)
Ethiopia,ETH,2005,Self-reported (individual)
Ethiopia,ETH,2007,Self-reported (individual)
French Guiana,GUF,1982,Self-reported (head of household)
Gabon,GAB,1993,Self-reported (head of household)
Gabon,GAB,2012,Literacy test
Gambia,GMB,2000,Self-reported (individual)
Gambia,GMB,2013,Literacy test
Georgia,GEO,2002,Self-reported (head of household)
Georgia,GEO,2014,Self-reported (individual)
Ghana,GHA,2000,Self-reported (head of household)
Ghana,GHA,2010,Self-reported (individual)
Greece,GRC,1981,Self-reported (head of household)
Greece,GRC,1991,Self-reported (head of household)
Greece,GRC,2001,Self-reported (head of household)
Greece,GRC,2007,Self-reported (head of household)
Greece,GRC,2009,Self-reported (head of household)
Greece,GRC,2011,Self-reported (individual)
Greenland,GRL,2015,Self-reported (individual)
Guadeloupe,GLP,1982,Self-reported (head of household)
Guam,GUM,1980,Self-reported (head of household)
Guatemala,GTM,1994,Self-reported (head of household)
Guatemala,GTM,2002,Self-reported (head of household)
Guatemala,GTM,2012,Self-reported (individual)
Guatemala,GTM,2013,Self-reported (individual)
Guatemala,GTM,2014,Self-reported (individual)
Guinea,GIN,1996,Self-reported (individual)
Guinea,GIN,2003,Self-reported (individual)
Guinea,GIN,2010,Self-reported (head of household)
Guinea,GIN,2014,Self-reported (head of household)
Guinea-Bissau,GNB,1979,Self-reported (head of household)
Guinea-Bissau,GNB,2000,Self-reported (head of household)
Guinea-Bissau,GNB,2014,Literacy test
Guyana,GUY,2009,Literacy test
Guyana,GUY,2014,Literacy test
Haiti,HTI,1982,Self-reported (head of household)
Haiti,HTI,2003,Self-reported (individual)
Haiti,HTI,2006,Literacy test
Honduras,HND,2001,Self-reported (head of household)
Honduras,HND,2007,Self-reported (individual)
Honduras,HND,2010,Self-reported (individual)
Honduras,HND,2011,Self-reported (individual)
Honduras,HND,2013,Self-reported (individual)
Honduras,HND,2014,Self-reported (individual)
Honduras,HND,2015,Self-reported (individual)
Honduras,HND,2016,Self-reported (individual)
Hungary,HUN,1980,Self-reported (head of household)
India,IND,1981,Self-reported (head of household)
India,IND,1991,Self-reported (head of household)
India,IND,2001,Self-reported (head of household)
India,IND,2006,Self-reported (individual)
India,IND,2011,Self-reported (head of household)
Indonesia,IDN,1980,Self-reported (head of household)
Indonesia,IDN,1990,Self-reported (head of household)
Indonesia,IDN,2004,Self-reported (individual)
Indonesia,IDN,2006,Self-reported (head of household)
Indonesia,IDN,2008,Self-reported (individual)
Indonesia,IDN,2009,Self-reported (individual)
Indonesia,IDN,2011,Self-reported (individual)
Indonesia,IDN,2014,Self-reported (individual)
Indonesia,IDN,2015,Self-reported (individual)
Indonesia,IDN,2016,Self-reported (individual)
Iran,IRN,1976,Self-reported (head of household)
Iran,IRN,1986,Self-reported (head of household)
Iran,IRN,1991,Self-reported (individual)
Iran,IRN,1996,Self-reported (head of household)
Iran,IRN,2002,Self-reported (individual)
Iran,IRN,2005,Self-reported (individual)
Iran,IRN,2006,Self-reported (individual)
Iran,IRN,2008,Self-reported (individual)
Iran,IRN,2012,Self-reported (individual)
Iran,IRN,2013,Self-reported (individual)
Iran,IRN,2014,Self-reported (individual)
Iraq,IRQ,2000,Self-reported (individual)
Iraq,IRQ,2013,Self-reported (individual)
Israel,ISR,1983,Self-reported (head of household)
Italy,ITA,1981,Self-reported (head of household)
Italy,ITA,2001,Self-reported (head of household)
Italy,ITA,2011,Self-reported (individual)
Jamaica,JAM,1999,Self-reported (individual)
Jordan,JOR,1979,Self-reported (head of household)
Jordan,JOR,2003,Self-reported (individual)
Jordan,JOR,2005,No data
Jordan,JOR,2007,Self-reported (individual)
Jordan,JOR,2010,No data
Jordan,JOR,2011,Literacy test
Jordan,JOR,2012,Literacy test
Kazakhstan,KAZ,1989,Self-reported (head of household)
Kazakhstan,KAZ,1999,No data
Kazakhstan,KAZ,2009,Self-reported (individual)
Kenya,KEN,2000,Self-reported (individual)
Kenya,KEN,2007,Literacy test
Kenya,KEN,2014,Literacy test
Kuwait,KWT,1975,Self-reported (head of household)
Kuwait,KWT,1980,Self-reported (head of household)
Kuwait,KWT,1985,Self-reported (head of household)
Kuwait,KWT,1995,Self-reported (head of household)
Kuwait,KWT,2005,Self-reported (head of household)
Kuwait,KWT,2006,No data
Kuwait,KWT,2007,No data
Kuwait,KWT,2008,Self-reported (head of household)
Kuwait,KWT,2012,No data
Kuwait,KWT,2013,No data
Kyrgyzstan,KGZ,1999,Self-reported (head of household)
Kyrgyzstan,KGZ,2009,Self-reported (individual)
Laos,LAO,1995,Self-reported (head of household)
Laos,LAO,2000,Self-reported (individual)
Laos,LAO,2001,Self-reported (individual)
Laos,LAO,2005,Self-reported (individual)
Laos,LAO,2011,Literacy test
Latvia,LVA,1989,Self-reported (head of household)
Latvia,LVA,2000,Self-reported (head of household)
Latvia,LVA,2011,Self-reported (individual)
Lebanon,LBN,2007,Self-reported (individual)
Lebanon,LBN,2009,Self-reported (individual)
Lesotho,LSO,2000,Self-reported (individual)
Lesotho,LSO,2009,Literacy test
Lesotho,LSO,2014,Literacy test
Liberia,LBR,1984,Self-reported (head of household)
Liberia,LBR,2007,Literacy test
Libya,LBY,1984,Self-reported (head of household)
Lithuania,LTU,1989,Self-reported (head of household)
Lithuania,LTU,2001,Self-reported (head of household)
Lithuania,LTU,2011,Self-reported (individual)
Macao,MAC,1981,Self-reported (head of household)
Macao,MAC,2001,Self-reported (head of household)
Macao,MAC,2006,Self-reported (individual)
Macao,MAC,2011,Self-reported (individual)
Madagascar,MDG,2000,Self-reported (individual)
Madagascar,MDG,2009,Literacy test
Madagascar,MDG,2012,Self-reported (head of household)
Malawi,MWI,1987,Self-reported (head of household)
Malawi,MWI,1998,Self-reported (head of household)
Malawi,MWI,2010,Literacy test
Malawi,MWI,2014,Literacy test
Malawi,MWI,2015,Literacy test
Malaysia,MYS,1980,Self-reported (head of household)
Malaysia,MYS,1991,Self-reported (head of household)
Malaysia,MYS,2000,Self-reported (head of household)
Malaysia,MYS,2010,Self-reported (individual)
Maldives,MDV,1977,Self-reported (head of household)
Maldives,MDV,1985,Self-reported (head of household)
Maldives,MDV,1990,Self-reported (head of household)
Maldives,MDV,1995,Self-reported (head of household)
Maldives,MDV,2000,Self-reported (head of household)
Maldives,MDV,2006,Self-reported (individual)
Maldives,MDV,2014,Self-reported (individual)
Mali,MLI,1976,Self-reported (head of household)
Mali,MLI,1998,Self-reported (head of household)
Mali,MLI,2003,Self-reported (individual)
Mali,MLI,2006,Self-reported (head of household)
Mali,MLI,2010,Self-reported (individual)
Mali,MLI,2011,Self-reported (head of household)
Mali,MLI,2015,Self-reported (individual)
Malta,MLT,1985,Self-reported (head of household)
Malta,MLT,1995,Self-reported (head of household)
Malta,MLT,2005,Self-reported (individual)
Malta,MLT,2011,Self-reported (individual)
Marshall Islands,MHL,2011,Self-reported (head of household)
Martinique,MTQ,1982,Self-reported (head of household)
Mauritania,MRT,2000,Self-reported (head of household)
Mauritania,MRT,2007,Literacy test
Mauritius,MUS,1990,Self-reported (head of household)
Mauritius,MUS,2000,Self-reported (head of household)
Mauritius,MUS,2011,Self-reported (individual)
Mauritius,MUS,2012,Self-reported (individual)
Mauritius,MUS,2013,Self-reported (individual)
Mexico,MEX,1980,Self-reported (head of household)
Mexico,MEX,1990,Self-reported (head of household)
Mexico,MEX,2000,Self-reported (head of household)
Mexico,MEX,2002,Self-reported (individual)
Mexico,MEX,2004,Self-reported (individual)
Mexico,MEX,2005,Self-reported (individual)
Mexico,MEX,2006,Self-reported (individual)
Mexico,MEX,2007,Self-reported (individual)
Mexico,MEX,2008,Self-reported (individual)
Mexico,MEX,2009,Self-reported (individual)
Mexico,MEX,2010,Self-reported (individual)
Mexico,MEX,2011,Indirect estimate
Mexico,MEX,2012,Self-reported (individual)
Mexico,MEX,2013,Indirect estimate
Mexico,MEX,2014,Indirect estimate
Mexico,MEX,2015,Self-reported (individual)
Moldova,MDA,1989,Self-reported (head of household)
Moldova,MDA,2000,Self-reported (individual)
Mongolia,MNG,2000,Self-reported (head of household)
Mongolia,MNG,2010,Self-reported (head of household)
Montenegro,MNE,2011,Self-reported (individual)
Morocco,MAR,1982,Self-reported (head of household)
Morocco,MAR,1994,Self-reported (head of household)
Morocco,MAR,2004,Self-reported (head of household)
Morocco,MAR,2008,Self-reported (head of household)
Morocco,MAR,2009,Self-reported (head of household)
Morocco,MAR,2011,Self-reported (individual)
Morocco,MAR,2012,Self-reported (individual)
Mozambique,MOZ,1980,Self-reported (head of household)
Mozambique,MOZ,1997,Self-reported (head of household)
Mozambique,MOZ,2003,Self-reported (individual)
Mozambique,MOZ,2009,Self-reported (individual)
Myanmar,MMR,1983,Self-reported (head of household)
Myanmar,MMR,2016,Literacy test
Namibia,NAM,1991,Self-reported (head of household)
Namibia,NAM,2001,Self-reported (head of household)
Namibia,NAM,2007,Literacy test
Namibia,NAM,2011,Self-reported (individual)
Nepal,NPL,1981,Self-reported (head of household)
Nepal,NPL,1991,Self-reported (head of household)
Nepal,NPL,2001,Self-reported (head of household)
Nepal,NPL,2011,Self-reported (head of household)
Netherlands Antilles,ANT,1992,Self-reported (head of household)
New Caledonia,NCL,1976,Self-reported (head of household)
New Caledonia,NCL,1989,Self-reported (head of household)
New Caledonia,NCL,1996,Self-reported (head of household)
Nicaragua,NIC,2001,Self-reported (individual)
Nicaragua,NIC,2005,Self-reported (individual)
Niger,NER,2001,Self-reported (individual)
Niger,NER,2005,Self-reported (individual)
Niger,NER,2008,Self-reported (head of household)
Niger,NER,2012,Literacy test
Nigeria,NGA,1991,Self-reported (head of household)
Nigeria,NGA,2003,Self-reported (individual)
Nigeria,NGA,2008,Literacy test
North Korea,PRK,2008,Self-reported (individual)
North Macedonia,MKD,1994,Self-reported (head of household)
North Macedonia,MKD,2002,Self-reported (head of household)
Oman,OMN,2003,Self-reported (head of household)
Oman,OMN,2008,Self-reported (individual)
Oman,OMN,2010,Literacy test
Oman,OMN,2014,Indirect estimate
Pakistan,PAK,1981,Self-reported (head of household)
Pakistan,PAK,1998,Self-reported (head of household)
Pakistan,PAK,2005,Self-reported (individual)
Pakistan,PAK,2006,Self-reported (head of household)
Pakistan,PAK,2008,Self-reported (head of household)
Pakistan,PAK,2009,Self-reported (head of household)
Pakistan,PAK,2010,Self-reported (head of household)
Pakistan,PAK,2011,Self-reported (head of household)
Pakistan,PAK,2012,Self-reported (head of household)
Pakistan,PAK,2013,Self-reported (head of household)
Pakistan,PAK,2014,Self-reported (head of household)
Palau,PLW,1980,Self-reported (head of household)
Palau,PLW,2013,Self-reported (head of household)
Palau,PLW,2015,Self-reported (individual)
Palestine,PSE,1997,Self-reported (head of household)
Palestine,PSE,2004,Self-reported (individual)
Palestine,PSE,2006,Self-reported (individual)
Palestine,PSE,2007,Self-reported (individual)
Palestine,PSE,2008,Self-reported (individual)
Palestine,PSE,2009,Self-reported (individual)
Palestine,PSE,2010,Self-reported (individual)
Palestine,PSE,2011,Self-reported (individual)
Palestine,PSE,2012,Self-reported (individual)
Palestine,PSE,2013,Self-reported (individual)
Palestine,PSE,2014,Self-reported (individual)
Panama,PAN,1980,Self-reported (head of household)
Panama,PAN,1990,Self-reported (head of household)
Panama,PAN,2000,Self-reported (head of household)
Panama,PAN,2010,Self-reported (individual)
Papua New Guinea,PNG,2000,Self-reported (head of household)
Paraguay,PRY,1982,Self-reported (head of household)
Paraguay,PRY,1992,Self-reported (head of household)
Paraguay,PRY,2007,Self-reported (individual)
Paraguay,PRY,2008,Self-reported (individual)
Paraguay,PRY,2009,Self-reported (individual)
Paraguay,PRY,2010,Self-reported (head of household)
Paraguay,PRY,2014,Self-reported (individual)
Paraguay,PRY,2015,Self-reported (individual)
Peru,PER,1981,Self-reported (head of household)
Peru,PER,1993,Self-reported (head of household)
Peru,PER,2004,Self-reported (individual)
Peru,PER,2005,Self-reported (individual)
Peru,PER,2006,Self-reported (head of household)
Peru,PER,2007,Self-reported (head of household)
Peru,PER,2012,No data
Peru,PER,2014,Literacy test
Peru,PER,2015,Self-reported (individual)
Peru,PER,2016,Self-reported (individual)
Philippines,PHL,1980,Self-reported (head of household)
Philippines,PHL,1990,Self-reported (head of household)
Philippines,PHL,2000,Self-reported (head of household)
Philippines,PHL,2003,Self-reported (head of household)
Philippines,PHL,2008,Self-reported (head of household)
Philippines,PHL,2013,Self-reported (head of household)
Poland,POL,1978,Self-reported (head of household)
Portugal,PRT,1981,Self-reported (head of household)
Portugal,PRT,1991,Self-reported (head of household)
Portugal,PRT,2011,Self-reported (individual)
Puerto Rico,PRI,1980,Self-reported (head of household)
Puerto Rico,PRI,1990,Self-reported (head of household)
Puerto Rico,PRI,2010,Self-reported (individual)
Qatar,QAT,1986,Self-reported (head of household)
Qatar,QAT,1997,Self-reported (head of household)
Qatar,QAT,2004,No data
Qatar,QAT,2008,Self-reported (head of household)
Qatar,QAT,2009,Self-reported (head of household)
Qatar,QAT,2010,Self-reported (individual)
Qatar,QAT,2011,Self-reported (head of household)
Qatar,QAT,2012,Self-reported (head of household)
Qatar,QAT,2013,Self-reported (head of household)
Qatar,QAT,2014,Self-reported (head of household)
Reunion,REU,1982,Self-reported (head of household)
Romania,ROU,1992,Self-reported (head of household)
Romania,ROU,2002,Self-reported (head of household)
Romania,ROU,2011,Self-reported (individual)
Russia,RUS,1989,Self-reported (head of household)
Russia,RUS,2002,Self-reported (head of household)
Russia,RUS,2010,Self-reported (individual)
Rwanda,RWA,1978,Self-reported (head of household)
Rwanda,RWA,1991,Self-reported (head of household)
Rwanda,RWA,2000,Self-reported (individual)
Rwanda,RWA,2010,Literacy test
Rwanda,RWA,2012,Self-reported (individual)
Samoa,WSM,1991,Self-reported (head of household)
Samoa,WSM,2011,Self-reported (individual)
Sao Tome and Principe,STP,1981,Self-reported (head of household)
Sao Tome and Principe,STP,1991,Self-reported (head of household)
Sao Tome and Principe,STP,2001,Self-reported (head of household)
Sao Tome and Principe,STP,2008,Literacy test
Sao Tome and Principe,STP,2012,Self-reported (head of household)
Saudi Arabia,SAU,1992,Self-reported (head of household)
Saudi Arabia,SAU,2000,Self-reported (individual)
Saudi Arabia,SAU,2004,Self-reported (individual)
Saudi Arabia,SAU,2013,Self-reported (individual)
Senegal,SEN,1988,Self-reported (head of household)
Senegal,SEN,2002,Self-reported (individual)
Senegal,SEN,2006,Self-reported (individual)
Senegal,SEN,2009,Self-reported (individual)
Senegal,SEN,2011,Self-reported (individual)
Senegal,SEN,2013,Self-reported (individual)
Serbia,SRB,2011,Self-reported (individual)
Serbia,SRB,2016,Self-reported (individual)
Serbia and Montenegro,OWID_SRM,1991,Self-reported (head of household)
Serbia and Montenegro,OWID_SRM,2002,Self-reported (head of household)
Seychelles,SYC,1987,Self-reported (head of household)
Seychelles,SYC,1994,Self-reported (head of household)
Seychelles,SYC,2002,Self-reported (head of household)
Seychelles,SYC,2010,Self-reported (head of household)
Sierra Leone,SLE,2004,Self-reported (head of household)
Sierra Leone,SLE,2013,Literacy test
Singapore,SGP,1980,Self-reported (head of household)
Singapore,SGP,1990,Self-reported (head of household)
Singapore,SGP,2000,Self-reported (head of household)
Singapore,SGP,2010,Self-reported (head of household)
Singapore,SGP,2011,Indirect estimate
Singapore,SGP,2012,Indirect estimate
Singapore,SGP,2013,Indirect estimate
Singapore,SGP,2014,Indirect estimate
Slovenia,SVN,1991,Self-reported (head of household)
South Africa,ZAF,1980,Self-reported (head of household)
South Africa,ZAF,1996,Self-reported (head of household)
South Africa,ZAF,2007,Self-reported (individual)
South Africa,ZAF,2009,Self-reported (head of household)
South Africa,ZAF,2010,Self-reported (head of household)
South Africa,ZAF,2011,Self-reported (head of household)
South Africa,ZAF,2012,Self-reported (head of household)
South Africa,ZAF,2014,Self-reported (head of household)
South Africa,ZAF,2015,Self-reported (head of household)
South Korea,KOR,2008,Literacy test
South Sudan,SSD,2008,Self-reported (head of household)
Spain,ESP,1981,Self-reported (head of household)
Spain,ESP,1991,Self-reported (head of household)
Spain,ESP,2007,Self-reported (individual)
Spain,ESP,2008,Self-reported (individual)
Spain,ESP,2009,Self-reported (individual)
Spain,ESP,2010,Self-reported (individual)
Spain,ESP,2011,Self-reported (individual)
Spain,ESP,2012,Self-reported (individual)
Spain,ESP,2013,Self-reported (individual)
Spain,ESP,2014,Self-reported (individual)
Spain,ESP,2015,Self-reported (individual)
Spain,ESP,2016,Self-reported (individual)
Sri Lanka,LKA,1981,Self-reported (head of household)
Sri Lanka,LKA,2001,Self-reported (head of household)
Sri Lanka,LKA,2006,Self-reported (individual)
Sri Lanka,LKA,2008,Self-reported (individual)
Sri Lanka,LKA,2010,Self-reported (individual)
Sudan,SDN,2000,Self-reported (individual)
Sudan,SDN,2008,Self-reported (individual)
Suriname,SUR,2004,Self-reported (head of household)
Suriname,SUR,2008,Self-reported (head of household)
Suriname,SUR,2010,No data
Syria,SYR,1981,Self-reported (head of household)
Syria,SYR,2002,Self-reported (individual)
Syria,SYR,2004,Self-reported (head of household)
Tajikistan,TJK,1989,Self-reported (head of household)
Tajikistan,TJK,2000,Self-reported (head of household)
Tanzania,TZA,1988,Self-reported (head of household)
Tanzania,TZA,2002,Self-reported (head of household)
Tanzania,TZA,2010,Literacy test
Tanzania,TZA,2012,Self-reported (head of household)
Tanzania,TZA,2015,Self-reported (individual)
Thailand,THA,1980,Self-reported (head of household)
Thailand,THA,2000,Self-reported (head of household)
Thailand,THA,2005,Self-reported (individual)
Thailand,THA,2010,Self-reported (individual)
Thailand,THA,2013,Self-reported (individual)
Thailand,THA,2015,Self-reported (individual)
Timor,TLS,2001,Self-reported (individual)
Timor,TLS,2007,Self-reported (individual)
Timor,TLS,2010,Self-reported (individual)
Togo,TGO,2000,Self-reported (individual)
Togo,TGO,2006,No data
Togo,TGO,2009,Self-reported (individual)
Togo,TGO,2011,Self-reported (individual)
Togo,TGO,2015,Self-reported (individual)
Tonga,TON,1976,Self-reported (head of household)
Tonga,TON,1996,Self-reported (head of household)
Tonga,TON,2006,Self-reported (head of household)
Tonga,TON,2011,Self-reported (head of household)
Trinidad and Tobago,TTO,1980,Self-reported (head of household)
Trinidad and Tobago,TTO,1990,Self-reported (head of household)
Tunisia,TUN,1984,Self-reported (head of household)
Tunisia,TUN,2004,Self-reported (head of household)
Tunisia,TUN,2008,Self-reported (individual)
Tunisia,TUN,2010,Self-reported (individual)
Tunisia,TUN,2011,Self-reported (individual)
Tunisia,TUN,2012,Self-reported (individual)
Tunisia,TUN,2014,Self-reported (individual)
Turkey,TUR,1975,Self-reported (head of household)
Turkey,TUR,1980,Self-reported (head of household)
Turkey,TUR,1985,Self-reported (head of household)
Turkey,TUR,1990,Self-reported (head of household)
Turkey,TUR,2004,Self-reported (individual)
Turkey,TUR,2005,Self-reported (individual)
Turkey,TUR,2006,Self-reported (individual)
Turkey,TUR,2007,Self-reported (individual)
Turkey,TUR,2009,Self-reported (individual)
Turkey,TUR,2010,Self-reported (individual)
Turkey,TUR,2011,Self-reported (individual)
Turkey,TUR,2012,Indirect estimate
Turkey,TUR,2013,Indirect estimate
Turkey,TUR,2014,Indirect estimate
Turkmenistan,TKM,1995,Self-reported (head of household)
Uganda,UGA,1991,Self-reported (head of household)
Uganda,UGA,2002,Self-reported (head of household)
Uganda,UGA,2006,Self-reported (head of household)
Uganda,UGA,2010,Self-reported (head of household)
Uganda,UGA,2012,Self-reported (head of household)
Ukraine,UKR,2001,Self-reported (head of household)
Ukraine,UKR,2012,Literacy test
United Arab Emirates,ARE,1975,Self-reported (head of household)
United Arab Emirates,ARE,1985,Self-reported (head of household)
United Arab Emirates,ARE,2005,Self-reported (head of household)
Uruguay,URY,1975,Self-reported (head of household)
Uruguay,URY,1985,Self-reported (head of household)
Uruguay,URY,1996,No data
Uruguay,URY,2006,Self-reported (head of household)
Uruguay,URY,2007,Self-reported (individual)
Uruguay,URY,2008,Self-reported (individual)
Uruguay,URY,2009,Self-reported (individual)
Uruguay,URY,2010,Self-reported (individual)
Uruguay,URY,2011,Self-reported (individual)
Uruguay,URY,2012,Self-reported (individual)
Uruguay,URY,2013,Self-reported (individual)
Uruguay,URY,2014,Self-reported (individual)
Uruguay,URY,2015,Self-reported (individual)
Uzbekistan,UZB,2000,Self-reported (individual)
Uzbekistan,UZB,2013,Literacy test
Uzbekistan,UZB,2014,Literacy test
Vanuatu,VUT,1979,Self-reported (head of household)
Venezuela,VEN,1981,Self-reported (head of household)
Venezuela,VEN,1990,Self-reported (head of household)
Venezuela,VEN,2001,Self-reported (head of household)
Venezuela,VEN,2007,Self-reported (individual)
Venezuela,VEN,2009,Self-reported (head of household)
Venezuela,VEN,2011,Self-reported (individual)
Venezuela,VEN,2015,Self-reported (individual)
Venezuela,VEN,2016,Self-reported (individual)
Vietnam,VNM,1979,Self-reported (head of household)
Vietnam,VNM,1989,Self-reported (head of household)
Vietnam,VNM,1999,Self-reported (head of household)
Vietnam,VNM,2000,Self-reported (individual)
Vietnam,VNM,2009,Self-reported (head of household)
Yemen,YEM,1994,Self-reported (head of household)
Zambia,ZMB,1990,Self-reported (head of household)
Zambia,ZMB,1999,Self-reported (individual)
Zambia,ZMB,2002,Self-reported (head of household)
Zambia,ZMB,2007,Literacy test
Zambia,ZMB,2010,Self-reported (individual)
Zimbabwe,ZWE,1982,Self-reported (head of household)
Zimbabwe,ZWE,1992,Self-reported (head of household)
Zimbabwe,ZWE,2011,Literacy test
Zimbabwe,ZWE,2014,Literacy test